Workbook

Sheet 入力
A1: 下肢 神経障害部位推測ツール（修正版）
A2: 筋肉名 | B2: 支配神経 | C2: MMT(0-5) | D2: L1 | E2: L2 | F2: L3 | G2: L4 | H2: L5 | I2: S1 | J2: S2
A3: 腸腰筋 | B3: 大腿神経/腰神経叢 | C3: 5 | D3: 1 | E3: 1 | F3: 1 | G3: 0 | H3: 0 | I3: 0 | J3: 0
A4: 中殿筋 | B4: 上殿神経 | C4: 5 | D4: 0 | E4: 0 | F4: 0 | G4: 1 | H4: 4 | I4: 1 | J4: 0
A5: 大殿筋 | B5: 下殿神経 | C5: 5 | D5: 0 | E5: 0 | F5: 0 | G5: 0 | H5: 1 | I5: 2 | J5: 1
A6: 前脛骨筋 | B6: 深腓骨神経 | C6: 5 | D6: 0 | E6: 0 | F6: 0 | G6: 2 | H6: 4 | I6: 0 | J6: 0
A7: 後脛骨筋 | B7: 脛骨神経 | C7: 5 | D7: 0 | E7: 0 | F7: 0 | G7: 1 | H7: 4 | I7: 0 | J7: 0
A8: 長趾屈筋 | B8: 脛骨神経 | C8: 5 | D8: 0 | E8: 0 | F8: 0 | G8: 0 | H8: 4 | I8: 2 | J8: 0
A9: 内転筋群 | B9: 閉鎖神経 | C9: 5 | D9: 0 | E9: 2 | F9: 2 | G9: 2 | H9: 0 | I9: 0 | J9: 0
A10: 大腿四頭筋 | B10: 大腿神経 | C10: 5 | D10: 0 | E10: 0 | F10: 3 | G10: 3 | H10: 0 | I10: 0 | J10: 0
A11: 大腿屈筋群 | B11: 脛骨神経/総腓骨神経 | C11: 5 | D11: 0 | E11: 0 | F11: 0 | G11: 0 | H11: 2 | I11: 2 | J11: 1
A12: 足趾背屈 | B12: 深腓骨神経 | C12: 5 | D12: 0 | E12: 0 | F12: 0 | G12: 0 | H12: 4 | I12: 0 | J12: 0
A13: 母趾背屈 | B13: 深腓骨神経 | C13: 5 | D13: 0 | E13: 0 | F13: 0 | G13: 0 | H13: 4 | I13: 0 | J13: 0
A14: 腓骨筋群 | B14: 浅腓骨神経 | C14: 5 | D14: 0 | E14: 0 | F14: 0 | G14: 0 | H14: 4 | I14: 1 | J14: 0
... A18: 短母趾屈筋 | B18: 脛骨神経 | C18: 5 | D18: 0 | E18: 0 | F18: 0 | G18: 0 | H18: 0 | I18: 4 | J18: 2

Sheet 結果
A1: 解析結果
A3: ■ 脊髄レベル別スコア
A4: L1 | B4: L2 | C4: L3 | D4: L4 | E4: L5 | F4: S1 | G4: S2
A5: =SUMPRODUCT((5-入力!C3:C18)*入力!D3:D18) | B5: =SUMPRODUCT((5-入力!C3:C18)*入力!E3:E18) | C5: =SUMPRODUCT((5-入力!C3:C18)*入力!F3:F18) | D5: =SUMPRODUCT((5-入力!C3:C18)*入力!G3:G18) | E5: =SUMPRODUCT((5-入力!C3:C18)*入力!H3:H18) | F5: =SUMPRODUCT((5-入力!C3:C18)*入力!I3:I18) | G5: =SUMPRODUCT((5-入力!C3:C18)*入力!J3:J18)
A7: ■ 末梢神経別 障害筋数
A8: 神経名 | B8: 障害筋数 | C8: 支配筋数
A9: 大腿神経/腰神経叢 | B9: =COUNTIFS(入力!B3:B18,"大腿神経/腰神経叢",入力!C3:C18,"<5") | C9: =COUNTIF(入力!B3:B18,"大腿神経/腰神経叢")
A10: 上殿神経 | B10: =COUNTIFS(入力!B3:B18,"上殿神経",入力!C3:C18,"<5") | C10: =COUNTIF(入力!B3:B18,"上殿神経")
A11: 下殿神経 | B11: =COUNTIFS(入力!B3:B18,"下殿神経",入力!C3:C18,"<5") | C11: =COUNTIF(入力!B3:B18,"下殿神経")
A12: 深腓骨神経 | B12: =COUNTIFS(入力!B3:B18,"深腓骨神経",入力!C3:C18,"<5") | C12: =COUNTIF(入力!B3:B18,"深腓骨神経")
A13: 脛骨神経 | B13: =COUNTIFS(入力!B3:B18,"脛骨神経",入力!C3:C18,"<5") | C13: =COUNTIF(入力!B3:B18,"脛骨神経")
A14: 閉鎖神経 | B14: =COUNTIFS(入力!B3:B18,"閉鎖神経",入力!C3:C18,"<5") | C14: =COUNTIF(入力!B3:B18,"閉鎖神経")
A15: 大腿神経 | B15: =COUNTIFS(入力!B3:B18,"大腿神経",入力!C3:C18,"<5") | C15: =COUNTIF(入力!B3:B18,"大腿神経")
A16: 脛骨神経/総腓骨神経 | B16: =COUNTIFS(入力!B3:B18,"脛骨神経/総腓骨神経",入力!C3:C18,"<5") | C16: =COUNTIF(入力!B3:B18,"脛骨神経/総腓骨神経")
A17: 浅腓骨神経 | B17: =COUNTIFS(入力!B3:B18,"浅腓骨神経",入力!C3:C18,"<5") | C17: =COUNTIF(入力!B3:B18,"浅腓骨神経")
A20: ※ 入力シートのMMT値を変更すると自動で結果が更新されます
