Workbook

Sheet 入力
A1: 上肢 神経障害部位推測ツール（修正版）
A2: 筋肉名 | B2: 支配神経 | C2: MMT(0-5) | D2: 束 | E2: 幹 | F2: C5 | G2: C6 | H2: C7 | I2: C8 | J2: T1
A3: 前鋸筋 | B3: 長胸神経 | C3: 5 | F3: 2 | G3: 1 | H3: 1 | I3: 0 | J3: 0
A4: 棘下筋 | B4: 肩甲上神経 | C4: 5 | E4: 上 | F4: 4 | G4: 3 | H4: 0 | I4: 0 | J4: 0
A5: 広背筋 | B5: 胸背神経 | C5: 5 | D5: 後 | E5: 中 | F5: 0 | G5: 1 | H5: 4 | I5: 1 | J5: 0
A6: 三角筋 | B6: 腋窩神経 | C6: 5 | D6: 後 | E6: 上 | F6: 4 | G6: 1 | H6: 0 | I6: 0 | J6: 0
A7: 上腕二頭筋 | B7: 筋皮神経 | C7: 5 | D7: 外 | E7: 上 | F7: 4 | G7: 3 | H7: 0 | I7: 0 | J7: 0
A8: 上腕三頭筋 | B8: 橈骨神経 | C8: 5 | D8: 後 | E8: 中 | F8: 0 | G8: 1 | H8: 4 | I8: 3 | J8: 0
A9: 腕橈骨筋 | B9: 橈骨神経 | C9: 5 | D9: 後 | E9: 上 | F9: 4 | G9: 1 | H9: 0 | I9: 0 | J9: 0
A10: 総指伸筋 | B10: 橈骨神経 | C10: 5 | D10: 後 | E10: 下 | F10: 0 | G10: 0 | H10: 3 | I10: 4 | J10: 0
A11: 尺側手根伸筋 | B11: 橈骨神経 | C11: 5 | D11: 後 | E11: 中下 | F11: 0 | G11: 1 | H11: 4 | I11: 2 | J11: 0
A12: 長母指伸筋 | B12: 橈骨神経 | C12: 5 | D12: 後 | E12: 中下 | F12: 0 | G12: 0 | H12: 1 | I12: 4 | J12: 1
A13: 短母指伸筋 | B13: 橈骨神経 | C13: 5 | D13: 後 | E13: 中下 | F13: 0 | G13: 0 | H13: 1 | I13: 4 | J13: 1
A14: 円回内筋 | B14: 正中神経 | C14: 5 | D14: 外 | E14: 上 | F14: 0 | G14: 4 | H14: 1 | I14: 0 | J14: 0
A15: 浅指屈筋 | B15: 正中神経 | C15: 5 | D15: 内 | E15: 下 | F15: 0 | G15: 0 | H15: 1 | I15: 3 | J15: 4
A16: 深指屈筋(示) | B16: 正中神経 | C16: 5 | D16: 内 | E16: 下 | F16: 0 | G16: 0 | H16: 0 | I16: 1 | J16: 4
... A29: 第３、第４虫様筋 | B29: 尺骨神経 | C29: 5 | D29: 内 | E29: 下 | F29: 0 | G29: 0 | H29: 0 | I29: 2 | J29: 4

Sheet 結果
A1: 解析結果
A3: ■ 脊髄レベル別スコア
A4: C5 | B4: C6 | C4: C7 | D4: C8 | E4: T1
A5: =SUMPRODUCT((5-入力!C3:C25)*入力!F3:F25) -> 0 | B5: =SUMPRODUCT((5-入力!C3:C25)*入力!G3:G25) -> 0 | C5: =SUMPRODUCT((5-入力!C3:C25)*入力!H3:H25) -> 0 | D5: =SUMPRODUCT((5-入力!C3:C25)*入力!I3:I25) -> 0 | E5: =SUMPRODUCT((5-入力!C3:C25)*入力!J3:J25) -> 0
A7: ■ 末梢神経別 障害筋数
A8: 神経名 | B8: 障害筋数 | C8: 支配筋数
A9: 長胸神経 | B9: =COUNTIFS(入力!B3:B25,"長胸神経",入力!C3:C25,"<5") -> 0 | C9: =COUNTIF(入力!B3:B25,"長胸神経") -> 1
A10: 肩甲上神経 | B10: =COUNTIFS(入力!B3:B25,"肩甲上神経",入力!C3:C25,"<5") -> 0 | C10: =COUNTIF(入力!B3:B25,"肩甲上神経") -> 1
A11: 胸背神経 | B11: =COUNTIFS(入力!B3:B25,"胸背神経",入力!C3:C25,"<5") -> 0 | C11: =COUNTIF(入力!B3:B25,"胸背神経") -> 1
A12: 腋窩神経 | B12: =COUNTIFS(入力!B3:B25,"腋窩神経",入力!C3:C25,"<5") -> 0 | C12: =COUNTIF(入力!B3:B25,"腋窩神経") -> 1
A13: 筋皮神経 | B13: =COUNTIFS(入力!B3:B25,"筋皮神経",入力!C3:C25,"<5") -> 0 | C13: =COUNTIF(入力!B3:B25,"筋皮神経") -> 1
A14: 橈骨神経 | B14: =COUNTIFS(入力!B3:B25,"橈骨神経",入力!C3:C25,"<5") -> 0 | C14: =COUNTIF(入力!B3:B25,"橈骨神経") -> 7
A15: 正中神経 | B15: =COUNTIFS(入力!B3:B25,"正中神経",入力!C3:C25,"<5") -> 0 | C15: =COUNTIF(入力!B3:B25,"正中神経") -> 6
A16: 尺骨神経 | B16: =COUNTIFS(入力!B3:B25,"尺骨神経",入力!C3:C25,"<5") -> 0 | C16: =COUNTIF(入力!B3:B25,"尺骨神経") -> 5
A19: ※ 入力シートのMMT値を変更すると自動で結果が更新されます
